doi	citations	openalex_id	retrieved
10.1002/1873-3468.12444	6	https://openalex.org/W2529485821	2026-10-09
10.1016/j.cell.2014.11.021	9278	https://openalex.org/W1973062929	2026-10-09
10.1016/j.cell.2015.03.010	372	https://openalex.org/W2037429489	2026-10-09
10.1016/j.cell.2015.04.044	3391	https://openalex.org/W2135937351	2026-10-09
10.1016/j.cell.2015.05.002	7170	https://openalex.org/W2102212449	2026-10-09
10.1016/j.cell.2015.05.048	800	https://openalex.org/W1660678623	2026-10-09
10.1016/j.cell.2015.08.040	489	https://openalex.org/W1887325245	2026-10-09
10.1016/j.cell.2018.02.001	1582	https://openalex.org/W2788348358	2026-10-09
10.1016/j.cell.2020.09.056	1143	https://openalex.org/W3093858607	2026-10-09
10.1016/j.cell.2020.10.026	965	https://openalex.org/W3100967665	2026-10-09
10.1016/j.cell.2022.04.003	1766	https://openalex.org/W4229033508	2026-10-09
10.1016/j.celrep.2012.08.003	1235	https://openalex.org/W2139838862	2026-10-09
10.1016/j.devcel.2024.01.015	11	https://openalex.org/W4391598657	2026-10-09
10.1016/j.immuni.2020.09.015	272	https://openalex.org/W3093368337	2026-10-09
10.1016/j.jmoldx.2011.08.002	2567	https://openalex.org/W1960895270	2026-10-09
10.1038/cr.2017.82	376	https://openalex.org/W2626695356	2026-10-09
10.1038/nature12593	1595	https://openalex.org/W1965863160	2026-10-09
10.1038/nature15740	334	https://openalex.org/W2174049393	2026-10-09
10.1038/nature21429	834	https://openalex.org/W2597274540	2026-10-09
10.1038/nature21711	757	https://openalex.org/W2599773520	2026-10-09
10.1038/nature25981	369	https://openalex.org/W2736547131	2026-10-09
10.1038/nbt.2282	1613	https://openalex.org/W2121690903	2026-10-09
10.1038/nbt.3383	858	https://openalex.org/W2198371822	2026-10-09
10.1038/nbt.3701	215	https://openalex.org/W2545155109	2026-10-09
10.1038/nbt.4038	995	https://openalex.org/W2952602120	2026-10-09
10.1038/ncomms14049	7421	https://openalex.org/W2951506174	2026-10-09
10.1038/ncomms6641	148	https://openalex.org/W2044061178	2026-10-09
10.1038/nmeth.1068			2026-10-09
10.1038/nmeth.1315	3967	https://openalex.org/W2149573463	2026-10-09
10.1038/nmeth.2206	201	https://openalex.org/W2113229788	2026-10-09
10.1038/nmeth.2639	2379	https://openalex.org/W2019552331	2026-10-09
10.1038/nmeth.2688	6474	https://openalex.org/W2117757143	2026-10-09
10.1038/nmeth.2772	1189	https://openalex.org/W2084942072	2026-10-09
10.1038/nmeth.3029	667	https://openalex.org/W1985278607	2026-10-09
10.1038/nmeth.3035	1131	https://openalex.org/W2070339716	2026-10-09
10.1038/nmeth.3047	5195	https://openalex.org/W2031211461	2026-10-09
10.1038/nmeth.3542	519	https://openalex.org/W1925000049	2026-10-09
10.1038/nmeth.3810	1414	https://openalex.org/W2307041907	2026-10-09
10.1038/nmeth.3999	1145	https://openalex.org/W2523285811	2026-10-09
10.1038/nmeth.4154	298	https://openalex.org/W2580989000	2026-10-09
10.1038/nmeth.4155	547	https://openalex.org/W2582946425	2026-10-09
10.1038/nmeth.4177	1091	https://openalex.org/W2577994754	2026-10-09
10.1038/nmeth.4179	870	https://openalex.org/W2588569583	2026-10-09
10.1038/nmeth.4380	3114	https://openalex.org/W2739492614	2026-10-09
10.1038/nmeth.4435	630	https://openalex.org/W2759506905	2026-10-09
10.1038/nprot.2012.005	269	https://openalex.org/W2055720906	2026-10-09
10.1038/nprot.2013.038	542	https://openalex.org/W2010018187	2026-10-09
10.1038/nprot.2014.114	277	https://openalex.org/W1987293097	2026-10-09
10.1038/nprot.2016.154	735	https://openalex.org/W2564176045	2026-10-09
10.1038/nprot.2017.012	134	https://openalex.org/W2600121124	2026-10-09
10.1038/nprot.2017.016	1278	https://openalex.org/W2601885162	2026-10-09
10.1038/nprot.2017.066	1202	https://openalex.org/W2616925143	2026-10-09
10.1038/s41467-018-03149-4	656	https://openalex.org/W2793965282	2026-10-09
10.1038/s41467-018-05347-6	259	https://openalex.org/W2884205204	2026-10-09
10.1038/s41467-018-06355-2	186	https://openalex.org/W2950909085	2026-10-09
10.1038/s41467-018-07115-y	81	https://openalex.org/W2951516098	2026-10-09
10.1038/s41467-018-07771-0	1159	https://openalex.org/W2951054376	2026-10-09
10.1038/s41467-019-09982-5	2188	https://openalex.org/W2920191405	2026-10-09
10.1038/s41467-023-35823-7	70	https://openalex.org/W4317034826	2026-10-09
10.1038/s41467-024-48917-7	76	https://openalex.org/W4399781994	2026-10-09
10.1038/s41467-024-49007-4	50	https://openalex.org/W4399781997	2026-10-09
10.1038/s41556-019-0383-5	142	https://openalex.org/W2972263821	2026-10-09
10.1038/s41564-020-0729-6	224	https://openalex.org/W3028351109	2026-10-09
10.1038/s41586-018-0567-3	168	https://openalex.org/W2893467866	2026-10-09
10.1038/s41586-019-0969-x	4497	https://openalex.org/W2916020270	2026-10-09
10.1038/s41587-019-0041-2	473	https://openalex.org/W2916127307	2026-10-09
10.1038/s41587-019-0147-6	446	https://openalex.org/W2952582936	2026-10-09
10.1038/s41587-020-0470-y	470	https://openalex.org/W3013900499	2026-10-09
10.1038/s41587-020-0497-0	710	https://openalex.org/W3021060601	2026-10-09
10.1038/s41587-020-0739-1	1292	https://openalex.org/W3112563877	2026-10-09
10.1038/s41587-021-00962-z	99	https://openalex.org/W3180741386	2026-10-09
10.1038/s41587-022-01311-4	171	https://openalex.org/W4281965038	2026-10-09
10.1038/s41587-022-01312-3	142	https://openalex.org/W4281928121	2026-10-09
10.1038/s41587-022-01361-8	231	https://openalex.org/W4283691112	2026-10-09
10.1038/s41587-023-01685-z	226	https://openalex.org/W4323320159	2026-10-09
10.1038/s41592-018-0255-0	503	https://openalex.org/W2904130550	2026-10-09
10.1038/s41592-019-0392-0	523	https://openalex.org/W2939422961	2026-10-09
10.1038/s41592-019-0547-z	336	https://openalex.org/W2972380686	2026-10-09
10.1038/s41592-021-01060-3	298	https://openalex.org/W3131450268	2026-10-09
10.1038/s41592-022-01475-6	154	https://openalex.org/W4225938290	2026-10-09
10.1038/s41593-018-0079-3	337	https://openalex.org/W2790768464	2026-10-09
10.1038/s41596-019-0164-4	294	https://openalex.org/W2945489451	2026-10-09
10.1038/s41598-017-16546-4	79	https://openalex.org/W2951385403	2026-10-09
10.1073/pnas.1208715109	1046	https://openalex.org/W2143197030	2026-10-09
10.1093/nar/gks454	421	https://openalex.org/W2139368808	2026-10-09
10.1098/rstb.2013.0624	576	https://openalex.org/W2154930815	2026-10-09
10.1101/003236	218	https://openalex.org/W2172958821	2026-10-09
10.1101/2019.12.17.879304			2026-10-09
10.1101/2023.05.11.540245			2026-10-09
10.1101/2023.09.17.558155			2026-10-09
10.1101/2024.03.28.587082	0	https://openalex.org/W4393315792	2026-10-09
10.1101/2025.06.20.660799	1	https://openalex.org/W4411520096	2026-10-09
10.1101/829960	11	https://openalex.org/W2987413758	2026-10-09
10.1101/gr.110882.110	954	https://openalex.org/W2128227827	2026-10-09
10.1101/gr.139618.112	213	https://openalex.org/W2119410269	2026-10-09
10.1101/gr.147686.112	329	https://openalex.org/W1999790790	2026-10-09
10.1101/gr.150027.112			2026-10-09
10.1101/gr.161679.113	516	https://openalex.org/W2136680615	2026-10-09
10.1101/gr.275868.121	66	https://openalex.org/W3208330807	2026-10-09
10.1126/science.1168978	3867	https://openalex.org/W2079517684	2026-10-09
10.1126/science.1229164	1162	https://openalex.org/W2064977507	2026-10-09
10.1126/science.1247005	5256	https://openalex.org/W1973260880	2026-10-09
10.1126/science.1247651	1803	https://openalex.org/W2071010503	2026-10-09
10.1126/science.1250212	977	https://openalex.org/W2151013106	2026-10-09
10.1126/science.aab1601	1253	https://openalex.org/W1492083415	2026-10-09
10.1126/science.aad9841	574	https://openalex.org/W2413043813	2026-10-09
10.1126/science.aak9787	395	https://openalex.org/W2605512081	2026-10-09
10.1126/science.aam8940	1419	https://openalex.org/W2747545374	2026-10-09
10.1126/science.aam8999	1434	https://openalex.org/W2794083495	2026-10-09
10.1126/science.aat5641	500	https://openalex.org/W2889474202	2026-10-09
10.1126/science.aba5257	340	https://openalex.org/W3114522069	2026-10-09
10.1126/science.aba7612	409	https://openalex.org/W3099179344	2026-10-09
10.1126/science.ado0431	93	https://openalex.org/W4394727953	2026-10-09
10.1186/gb-2013-14-4-r31	458	https://openalex.org/W2045317504	2026-10-09
10.1186/s13059-016-0938-8	1132	https://openalex.org/W2342688693	2026-10-09
10.1186/s13059-018-1407-3	135	https://openalex.org/W2951832624	2026-10-09
10.1186/s13059-020-02266-4			2026-10-09
10.1186/s13059-023-02893-1	23	https://openalex.org/W4362671383	2026-10-09
10.1371/journal.pone.0037135	3667	https://openalex.org/W2161184021	2026-10-09
10.15252/msb.20177834	85	https://openalex.org/W2949972068	2026-10-09
10.7554/elife.21856	1807	https://openalex.org/W2562443513	2026-10-09
10.7554/elife.23203	226	https://openalex.org/W2949740511	2026-10-09
10.7554/elife.73971	68	https://openalex.org/W4212780233	2026-10-09
