dir	profile	overrides
atrandi-wgs__10.1101+2025.06.20.660799	illumina_dna	index_introduction=ligation|PCR;index_architecture=custom Illumina|inline barcode|dual index;partitioning=droplet|single cell;fragmentation=no fragmentation;adapter_installation=ligation|PCR-added;amplification=whole-genome amplification|endpoint PCR;identifiers=cell barcode|sample index|no UMI;read_structure=paired-end|index reads|inline barcode;availability=published academic protocol|proprietary sequences|inferred regions present
smart-seq__10.1038+nbt.2282	plate_scrna	identifiers=sample index|no UMI;availability=published academic protocol|discontinued / historical|exact oligos public|schematic complete
smart-seq2__10.1038+nmeth.2639	plate_scrna	identifiers=sample index|no UMI
smart-seq3__10.1038+s41587-020-0497-0	plate_scrna	identifiers=UMI|sample index
smart-seq3xpress__10.1038+s41587-022-01311-4	plate_scrna	identifiers=UMI|sample index
flash-seq__10.1038+s41587-022-01312-3	plate_scrna	identifiers=sample index|no UMI
small-seq__10.1038+nbt.3701	plate_scrna	starting_material=small RNA;fragmentation=no fragmentation;adapter_installation=tailing + priming|template switching|PCR-added;identifiers=UMI|cell barcode|sample index;read_structure=single-end|index reads|barcode in Read 1;selection=size selection
lenticrispr-v1-screening__10.1126+science.1247005	crispr_screen	availability=published academic protocol|discontinued / historical|exact oligos public|schematic complete
lenticrispr-v2-screening__10.1038+nmeth.3047	crispr_screen	availability=published academic protocol|exact oligos public|schematic complete
joung-one-pcr-crispr-screen-readout__10.1038+nprot.2017.016	crispr_screen	index_architecture=custom Illumina|single index;amplification=endpoint PCR
moffat-two-step-crispr-screen-readout	crispr_screen	index_architecture=custom Illumina|dual index;amplification=two-stage PCR;availability=published academic protocol|exact oligos public|schematic complete
crop-seq__10.1038+nmeth.4177	droplet_scrna	assay=RNA-seq|CRISPR screening;identifiers=UMI|cell barcode|sample index|guide barcode;selection=poly(A) selection|guide-specific enrichment
5-direct-capture-perturb-seq__10.1038+s41587-020-0470-y	droplet_scrna	index_introduction=reverse transcription|PCR;index_architecture=TruSeq|custom Illumina|dual index;assay=RNA-seq|CRISPR screening;identifiers=UMI|cell barcode|sample index|guide barcode;read_structure=paired-end|index reads|barcode in Read 1|custom sequencing primer;selection=poly(A) selection|guide-specific enrichment
in-situ-hi-c__10.1016+j.cell.2014.11.021	hic_bulk	index_architecture=custom Illumina
micro-c__10.1016+j.cell.2015.05.048	hic_bulk	fragmentation=RNase / MNase;selection=affinity / antibody capture|size selection
nagano-single-cell-hi-c__10.1038+nature12593	hic_single	partitioning=plate / well|single nucleus;amplification=endpoint PCR;selection=affinity / antibody capture;index_architecture=custom Illumina|inline barcode;read_structure=paired-end|inline barcode
sci-hi-c__10.1038+nmeth.4155	hic_single	index_introduction=ligation|PCR|combinatorial indexing;index_architecture=custom Illumina|inline barcode|CDI;partitioning=combinatorial indexing|single nucleus;amplification=endpoint PCR;identifiers=cell barcode|no UMI;read_structure=paired-end|inline barcode
dip-c__10.1126+science.aat5641	hic_single	fragmentation=restriction digest;adapter_installation=ligation|tailing + priming;amplification=whole-genome amplification|endpoint PCR;selection=none
snhi-c__10.1038+nature21711	hic_single	amplification=whole-genome amplification;selection=none
stevens-single-cell-hi-c__10.1038+nature21429	hic_single	fragmentation=restriction digest;selection=affinity / antibody capture;index_architecture=custom Illumina|inline barcode;read_structure=paired-end|inline barcode
sn-m3c-seq__10.1038+s41592-019-0547-z	hic_single	index_introduction=ligation|extension / fill-in|PCR;assay=DNA methylation|chromatin conformation|multiomic;adapter_installation=ligation|tailing + priming;conversion=bisulfite;read_structure=paired-end|index reads|inline barcode
fisseq__10.1126+science.1250212	in_situ	identifiers=spatial barcode|no UMI;availability=published academic protocol|exact oligos public|schematic complete
oxford-nanopore-ligation-sequencing-v14	nanopore	assay=DNA-seq / WGS;availability=commercial kit|proprietary sequences|schematic complete
pacbio-smrtbell-prep-kit-3-0	pacbio	assay=DNA-seq / WGS;availability=commercial kit|proprietary sequences|schematic complete
nebnext-ultra-ii-dna-library-prep-user-adaptor	illumina_dna	index_architecture=TruSeq|dual index;adapter_installation=ligation|hairpin / dumbbell|PCR-added;topology=linear|hairpin;availability=commercial kit|exact oligos public|schematic complete
crispr-mip__10.1101+2024.03.28.587082	crispr_screen	index_introduction=ligation|PCR;adapter_installation=padlock / circularization|PCR-added;amplification=rolling-circle amplification|endpoint PCR;topology=circular|concatemer;identifiers=UMI|sample index|guide barcode;availability=published academic protocol|exact oligos public|inferred regions present
crispr-umi-schmierer__10.15252+msb.20177834	crispr_screen	index_introduction=ligation|PCR;identifiers=UMI|sample index|guide barcode;amplification=two-stage PCR;read_structure=single-end|index reads|custom sequencing primer
florian-pta-rnaseq	plate_scrna	index_introduction=reverse transcription|ligation|PCR;index_architecture=custom Illumina|inline barcode|dual index;amplification=whole-transcriptome amplification|whole-genome amplification|endpoint PCR;identifiers=UMI|cell barcode|sample index;availability=inferred regions present
astar-seq__10.1101+829960	plate_scrna	assay=RNA-seq|ATAC / accessibility|multiomic;starting_material=poly(A) RNA|chromatin;fragmentation=Tn5 / tagmentation;adapter_installation=template switching|Tn5|PCR-added;identifiers=UMI|cell barcode|sample index;read_structure=paired-end|index reads|barcode in Read 1|custom sequencing primer
strt-seq__10.1101+gr.110882.110	plate_scrna	fragmentation=no fragmentation;adapter_installation=template switching|PCR-added;identifiers=cell barcode|sample index|no UMI;read_structure=single-end|index reads|barcode in Read 1;availability=published academic protocol|discontinued / historical|exact oligos public|schematic complete
strt-c1__10.1038+nmeth.2772	plate_scrna	index_introduction=reverse transcription|transposition|PCR;index_architecture=Nextera|inline barcode|dual index;identifiers=UMI|cell barcode|sample index;read_structure=single-end|index reads|inline barcode
strt-seq-2i__10.1038+s41598-017-16546-4	plate_scrna	index_introduction=reverse transcription|PCR;index_architecture=custom Illumina|inline barcode|dual index;fragmentation=no fragmentation;adapter_installation=template switching|PCR-added;identifiers=UMI|cell barcode|sample index;read_structure=single-end|index reads|inline barcode
sci-rna-seq__10.1126+science.aam8940	combi_scrna	index_architecture=custom Illumina|inline barcode|CDI;read_structure=paired-end|index reads|inline barcode|custom sequencing primer
sci-rna-seq3__10.1038+s41586-019-0969-x	combi_scrna	index_architecture=custom Illumina|inline barcode|CDI;adapter_installation=ligation|hairpin / dumbbell|PCR-added;topology=linear|hairpin
quartz-seq__10.1186+gb-2013-14-4-r31	plate_scrna	index_architecture=TruSeq|dual index;fragmentation=enzymatic;adapter_installation=tailing + priming|ligation;amplification=whole-transcriptome amplification|endpoint PCR;identifiers=cell barcode|sample index|no UMI
quartz-seq2__10.1186+s13059-018-1407-3	plate_scrna	fragmentation=no fragmentation;adapter_installation=tailing + priming|PCR-added;identifiers=UMI|cell barcode|sample index;read_structure=single-end|index reads|barcode in Read 1
cel-seq__10.1016+j.celrep.2012.08.003	plate_scrna	index_introduction=reverse transcription|ligation|PCR;index_architecture=custom Illumina|inline barcode|single index;fragmentation=enzymatic;adapter_installation=ligation|PCR-added;amplification=linear amplification|endpoint PCR;identifiers=cell barcode|sample index|no UMI;read_structure=single-end|index reads|inline barcode;availability=published academic protocol|discontinued / historical|inferred regions present
cel-seq2__10.1186+s13059-016-0938-8	plate_scrna	index_introduction=reverse transcription|PCR;index_architecture=custom Illumina|inline barcode|single index;fragmentation=enzymatic;adapter_installation=tailing + priming|PCR-added;amplification=linear amplification|endpoint PCR;identifiers=UMI|cell barcode|sample index;read_structure=single-end|index reads|inline barcode
10x-chromium-single-cell-3-v3-cell-surface-protein	droplet_scrna	index_introduction=reverse transcription|PCR;index_architecture=TruSeq|inline barcode|dual index;assay=RNA-seq|protein / feature detection|multiomic;identifiers=UMI|cell barcode|sample index;selection=poly(A) selection|affinity / antibody capture;availability=commercial kit|proprietary sequences|schematic complete
10x-chromium-single-cell-3-v3-crispr-screening	droplet_scrna	index_introduction=reverse transcription|PCR;index_architecture=TruSeq|inline barcode|dual index;assay=RNA-seq|CRISPR screening;identifiers=UMI|cell barcode|sample index|guide barcode;selection=poly(A) selection|guide-specific enrichment;read_structure=paired-end|index reads|barcode in Read 1|custom sequencing primer;availability=commercial kit|proprietary sequences|schematic complete
10x-chromium-single-cell-3-ge-v2	droplet_scrna	index_introduction=reverse transcription|PCR;index_architecture=TruSeq|inline barcode|single index;selection=poly(A) selection;availability=commercial kit|proprietary sequences|schematic complete
10x-chromium-single-cell-3-ge-v3	droplet_scrna	index_introduction=reverse transcription|PCR;index_architecture=TruSeq|inline barcode|dual index;selection=poly(A) selection;availability=commercial kit|proprietary sequences|schematic complete
10x-chromium-gem-x-single-cell-3-ge-v4	droplet_scrna	index_introduction=reverse transcription|PCR;index_architecture=TruSeq|inline barcode|dual index;selection=poly(A) selection;availability=commercial kit|proprietary sequences|schematic complete
10x-chromium-single-cell-3-ge-v1__10.1038+ncomms14049	droplet_scrna	index_introduction=reverse transcription|PCR;index_architecture=TruSeq|inline barcode|single index;selection=poly(A) selection;availability=commercial kit|discontinued / historical|proprietary sequences|inferred regions present
10x-chromium-single-cell-5-vdj-v2	droplet_scrna	index_introduction=reverse transcription|PCR;index_architecture=TruSeq|inline barcode|dual index;selection=poly(A) selection|hybrid capture;read_structure=paired-end|index reads|barcode in Read 1;availability=commercial kit|proprietary sequences|schematic complete
10x-chromium-gem-x-single-cell-5-vdj-v3	droplet_scrna	index_introduction=reverse transcription|PCR;index_architecture=TruSeq|inline barcode|dual index;selection=poly(A) selection|hybrid capture;read_structure=paired-end|index reads|barcode in Read 1;availability=commercial kit|proprietary sequences|schematic complete
10x-chromium-single-cell-5-ge-v1	droplet_scrna	index_introduction=reverse transcription|PCR;index_architecture=TruSeq|inline barcode|dual index;selection=poly(A) selection;read_structure=paired-end|index reads|barcode in Read 1;availability=commercial kit|proprietary sequences|schematic complete
10x-chromium-gem-x-single-cell-5-ge-v3	droplet_scrna	index_introduction=reverse transcription|PCR;index_architecture=TruSeq|inline barcode|dual index;selection=poly(A) selection;read_structure=paired-end|index reads|barcode in Read 1;availability=commercial kit|proprietary sequences|schematic complete
surecell-3-wta-for-ddseq	droplet_scrna	index_introduction=reverse transcription|PCR;index_architecture=custom Illumina|inline barcode|dual index;selection=poly(A) selection;availability=commercial kit|proprietary sequences|inferred regions present
mars-seq__10.1126+science.1247651	plate_scrna	index_introduction=reverse transcription|ligation|PCR|combinatorial indexing;index_architecture=custom Illumina|inline barcode;fragmentation=enzymatic;adapter_installation=ligation|PCR-added;amplification=linear amplification|endpoint PCR;identifiers=UMI|cell barcode|sample index;read_structure=paired-end|inline barcode;availability=published academic protocol
mars-seq2-0__10.1038+s41596-019-0164-4	plate_scrna	index_introduction=reverse transcription|ligation|PCR|combinatorial indexing;index_architecture=custom Illumina|inline barcode|dual index;fragmentation=enzymatic;adapter_installation=ligation|PCR-added;amplification=linear amplification|endpoint PCR;identifiers=UMI|cell barcode|sample index;read_structure=paired-end|index reads|inline barcode
scrb-seq__10.1101+003236	plate_scrna	index_introduction=reverse transcription|PCR;index_architecture=Nextera|inline barcode|dual index;identifiers=UMI|cell barcode|sample index;read_structure=single-end|index reads|barcode in Read 1
mcscrb-seq__10.1038+s41467-018-05347-6	plate_scrna	index_introduction=reverse transcription|PCR;index_architecture=Nextera|inline barcode|dual index;identifiers=UMI|cell barcode|sample index;read_structure=single-end|index reads|barcode in Read 1
split-seq__10.1126+science.aam8999	combi_scrna	index_architecture=custom Illumina|inline barcode|CDI;partitioning=combinatorial indexing|single cell;starting_material=fixed cells / nuclei;identifiers=UMI|cell barcode|sample index;read_structure=paired-end|index reads|inline barcode;availability=published academic protocol|inferred regions present
microsplit__10.1126+science.aba5257	combi_scrna	index_architecture=custom Illumina|inline barcode|CDI;partitioning=combinatorial indexing|single cell;starting_material=fixed cells / nuclei;identifiers=UMI|cell barcode|sample index;read_structure=paired-end|index reads|inline barcode
drop-seq__10.1016+j.cell.2015.05.002	droplet_scrna	index_introduction=reverse transcription|transposition|PCR;index_architecture=Nextera|inline barcode|single index;selection=poly(A) selection;read_structure=paired-end|index reads|barcode in Read 1
seq-well__10.1038+nmeth.4179	plate_scrna	partitioning=microwell|single cell;index_introduction=reverse transcription|transposition|PCR;index_architecture=Nextera|inline barcode|single index;identifiers=UMI|cell barcode|sample index;selection=poly(A) selection;read_structure=paired-end|index reads|barcode in Read 1
scifi-rna-seq__10.1101+2019.12.17.879304	droplet_scrna	index_introduction=reverse transcription|ligation|transposition|PCR|combinatorial indexing;index_architecture=Nextera|inline barcode|CDI;partitioning=plate / well|droplet|combinatorial indexing|single cell;adapter_installation=template switching|ligation|Tn5|PCR-added;identifiers=UMI|cell barcode|sample index;read_structure=paired-end|index reads|inline barcode|custom sequencing primer
microwell-seq__10.1016+j.cell.2018.02.001	plate_scrna	partitioning=microwell|single cell;index_introduction=reverse transcription|transposition|PCR;index_architecture=Nextera|inline barcode|dual index;identifiers=UMI|cell barcode|sample index;selection=poly(A) selection;availability=published academic protocol|inferred regions present
bd-rhapsody__10.1038+s41592-018-0255-0	plate_scrna	partitioning=microwell|single cell;index_introduction=reverse transcription|PCR;index_architecture=custom Illumina|inline barcode|dual index;adapter_installation=tailing + priming|PCR-added;identifiers=UMI|cell barcode|sample index;read_structure=paired-end|index reads|barcode in Read 1;availability=commercial kit|proprietary sequences|inferred regions present
hydrop-rna__10.7554+eLife.73971	droplet_scrna	index_introduction=reverse transcription|PCR;index_architecture=TruSeq|inline barcode|single index;fragmentation=enzymatic;adapter_installation=template switching|PCR-added;identifiers=UMI|cell barcode|sample index;read_structure=paired-end|index reads|barcode in Read 1
seq-well-s3__10.1016+j.immuni.2020.09.015	plate_scrna	partitioning=microwell|single cell;index_introduction=reverse transcription|transposition|PCR;index_architecture=Nextera|inline barcode|dual index;adapter_installation=template switching|Tn5|PCR-added;identifiers=UMI|cell barcode|sample index;selection=poly(A) selection
tang-2009__10.1038+nmeth.1315	plate_scrna	index_introduction=PCR;index_architecture=custom Illumina|single index;fragmentation=enzymatic;adapter_installation=tailing + priming|PCR-added;identifiers=sample index|no UMI;read_structure=paired-end|index reads;availability=published academic protocol|discontinued / historical|exact oligos public|schematic complete
petri-seq__10.1038+s41564-020-0729-6	combi_scrna	index_introduction=reverse transcription|ligation|PCR|combinatorial indexing;index_architecture=TruSeq|Nextera|inline barcode|CDI;starting_material=total RNA|fixed cells / nuclei;identifiers=UMI|cell barcode|sample index;read_structure=paired-end|index reads|inline barcode
vasa-seq__10.1038+s41587-022-01361-8	combi_scrna	index_introduction=ligation|reverse transcription|PCR|combinatorial indexing;index_architecture=custom Illumina|inline barcode|dual index;partitioning=plate / well|droplet|single cell;starting_material=total RNA;fragmentation=enzymatic;adapter_installation=tailing + priming|ligation|PCR-added;identifiers=UMI|cell barcode|sample index;read_structure=paired-end|index reads|inline barcode
fipresci__10.1186+s13059-023-02893-1	droplet_scrna	index_introduction=reverse transcription|transposition|PCR|combinatorial indexing;index_architecture=Nextera|inline barcode|CDI;partitioning=plate / well|droplet|single cell;starting_material=total RNA;adapter_installation=Tn5|PCR-added;identifiers=UMI|cell barcode|sample index;read_structure=paired-end|index reads|inline barcode
pip-seq__10.1038+s41587-023-01685-z	droplet_scrna	index_introduction=reverse transcription|transposition|PCR;index_architecture=Nextera|inline barcode|dual index;selection=poly(A) selection;availability=published academic protocol|proprietary sequences|inferred regions present
indrop-v1__10.1016+j.cell.2015.04.044	droplet_scrna	index_introduction=reverse transcription|ligation|PCR;index_architecture=custom Illumina|inline barcode|single index;fragmentation=enzymatic;adapter_installation=template switching|ligation|PCR-added;amplification=linear amplification|endpoint PCR;identifiers=UMI|cell barcode|sample index;read_structure=paired-end|index reads|inline barcode;selection=poly(A) selection
indrop-v2__10.1038+nprot.2016.154	droplet_scrna	index_introduction=reverse transcription|extension / fill-in|PCR;index_architecture=custom Illumina|inline barcode|single index;fragmentation=enzymatic;adapter_installation=template switching|tailing + priming|PCR-added;amplification=linear amplification|endpoint PCR;identifiers=UMI|cell barcode|sample index;read_structure=paired-end|index reads|inline barcode;selection=poly(A) selection
sci-atac-seq__10.1126+science.aab1601	atac_combi	index_architecture=Nextera|inline barcode|CDI
sci-atac-seq-2018__10.1038+nature25981	atac_combi	index_architecture=Nextera|inline barcode|CDI
sci-atac-seq3__10.1126+science.aba7612	atac_combi	index_introduction=transposition|ligation|PCR|combinatorial indexing;index_architecture=Nextera|inline barcode|CDI;adapter_installation=Tn5|ligation|PCR-added;availability=published academic protocol
plate-scatac-seq__10.1038+s41467-018-07771-0	atac_plate	partitioning=plate / well|single nucleus
pi-atac-seq__10.1038+s41467-018-07115-y	atac_plate	partitioning=plate / well|single nucleus;assay=ATAC / accessibility|protein / feature detection|multiomic;selection=affinity / antibody capture
10x-chromium-single-cell-atac	atac_droplet	index_architecture=Nextera|inline barcode|dual index;availability=commercial kit|proprietary sequences|schematic complete
dscatac-seq__10.1038+s41587-019-0147-6	atac_droplet	index_introduction=transposition|PCR|combinatorial indexing;index_architecture=Nextera|inline barcode|CDI;identifiers=cell barcode|sample index|no UMI
dsciatac-seq__10.1038+s41587-019-0147-6	atac_droplet	index_introduction=transposition|PCR|combinatorial indexing;index_architecture=Nextera|inline barcode|CDI;partitioning=plate / well|droplet|combinatorial indexing|single nucleus;identifiers=cell barcode|sample index|no UMI
scdnase-seq__10.1038+nature15740	atac_plate	fragmentation=enzymatic;adapter_installation=ligation;index_introduction=ligation|PCR;index_architecture=TruSeq|single index;availability=published academic protocol|discontinued / historical|exact oligos public|schematic complete
scmnase-seq__10.1038+s41586-018-0567-3	atac_plate	fragmentation=RNase / MNase;adapter_installation=ligation;index_introduction=ligation|PCR;index_architecture=TruSeq|single index;availability=published academic protocol|inferred regions present
scifi-atac-seq__10.1101+2023.09.17.558155	atac_droplet	index_introduction=transposition|extension / fill-in|PCR|combinatorial indexing;index_architecture=Nextera|inline barcode|CDI;partitioning=plate / well|droplet|combinatorial indexing|single nucleus;read_structure=paired-end|index reads|inline barcode|custom sequencing primer
txci-atac-seq__10.1101+2023.05.11.540245	atac_combi	index_introduction=transposition|PCR|combinatorial indexing;index_architecture=Nextera|inline barcode|CDI;read_structure=paired-end|index reads|inline barcode|custom sequencing primer;availability=published academic protocol|inferred regions present
ch-atac-seq__10.1016+j.devcel.2024.01.015	atac_plate	index_introduction=transposition|PCR|combinatorial indexing;index_architecture=DNBSEQ|inline barcode|single index;platform=DNBSEQ;partitioning=plate / well|combinatorial indexing|single nucleus;identifiers=cell barcode|sample index|no UMI;read_structure=paired-end|index reads|inline barcode;availability=published academic protocol
hydrop-atac__10.7554+eLife.73971	atac_droplet	index_introduction=transposition|extension / fill-in|PCR;index_architecture=Nextera|inline barcode|dual index
snatac-seq__10.1038+s41593-018-0079-3	atac_combi	index_architecture=Nextera|inline barcode|CDI
scths-seq__10.1038+nbt.4038	atac_plate	index_introduction=transposition|PCR;index_architecture=Nextera|single index;adapter_installation=Tn5|tailing + priming|PCR-added;amplification=linear amplification|endpoint PCR;read_structure=single-end|index reads|custom sequencing primer
itchip-seq__10.1038+s41556-019-0383-5	atac_plate	assay=protein / feature detection;index_introduction=transposition|PCR;index_architecture=Nextera|dual index;selection=affinity / antibody capture
drop-chip__10.1038+nbt.3383	illumina_dna	index_introduction=ligation|PCR|combinatorial indexing;index_architecture=custom Illumina|inline barcode|dual index;assay=protein / feature detection;partitioning=droplet|single cell;starting_material=chromatin;fragmentation=enzymatic;adapter_installation=ligation|PCR-added;identifiers=cell barcode|sample index|no UMI;read_structure=paired-end|index reads|inline barcode;selection=affinity / antibody capture
scdamid__10.1016+j.cell.2015.08.040	illumina_dna	index_introduction=ligation|PCR;index_architecture=custom Illumina|single index;assay=protein / feature detection;partitioning=plate / well|single cell;starting_material=genomic DNA;fragmentation=restriction digest;adapter_installation=ligation|PCR-added;identifiers=cell barcode|sample index|no UMI;read_structure=single-end|index reads;selection=restriction-site selection;availability=published academic protocol|inferred regions present
s3-atac__10.1038+s41587-021-00962-z	atac_combi	index_introduction=transposition|PCR|combinatorial indexing;index_architecture=Nextera|inline barcode|CDI;read_structure=paired-end|index reads|inline barcode
scbs-seq__10.1038+nmeth.3035	methyl_dna	partitioning=plate / well|single cell;adapter_installation=ligation|PCR-added;amplification=endpoint PCR;index_architecture=custom Illumina|single index;identifiers=sample index|no UMI;read_structure=paired-end|index reads;availability=published academic protocol|discontinued / historical|exact oligos public|schematic complete
malbac__10.1126+science.1229164	illumina_dna	partitioning=plate / well|single cell;fragmentation=no fragmentation;adapter_installation=tailing + priming|PCR-added;amplification=whole-genome amplification|endpoint PCR;topology=linear|concatemer;identifiers=sample index|no UMI;availability=published academic protocol|inferred regions present
s3-wgs__10.1038+s41587-021-00962-z	illumina_dna	index_introduction=transposition|PCR|combinatorial indexing;index_architecture=Nextera|inline barcode|CDI;partitioning=combinatorial indexing|single nucleus;starting_material=genomic DNA;fragmentation=Tn5 / tagmentation;adapter_installation=Tn5|PCR-added;identifiers=cell barcode|sample index|no UMI;read_structure=paired-end|index reads|inline barcode
scrrbs__10.1101+gr.161679.113	methyl_dna	partitioning=plate / well|single cell;fragmentation=restriction digest;adapter_installation=ligation|PCR-added;index_architecture=TruSeq|single index;identifiers=sample index|no UMI;read_structure=paired-end|index reads;selection=restriction-site selection
lianti__10.1126+science.aak9787	illumina_dna	index_introduction=transposition|PCR;index_architecture=custom Illumina|dual index;partitioning=plate / well|single cell;fragmentation=Tn5 / tagmentation;adapter_installation=Tn5|PCR-added;amplification=linear amplification|endpoint PCR;identifiers=sample index|no UMI;availability=published academic protocol|inferred regions present
scnome-seq__10.7554+eLife.23203	methyl_dna	assay=ATAC / accessibility|DNA methylation|multiomic;partitioning=plate / well|single cell;conversion=bisulfite|GpC methyltransferase;identifiers=sample index|no UMI
sccool-seq__10.1038+cr.2017.82	methyl_dna	assay=ATAC / accessibility|DNA methylation|multiomic;partitioning=plate / well|single cell;adapter_installation=tailing + priming|PCR-added;conversion=bisulfite|GpC methyltransferase;identifiers=sample index|no UMI
telopcr-seq__10.1002+1873-3468.12444	pacbio	index_introduction=PCR|pre-indexed adaptor;assay=telomere;fragmentation=no fragmentation;adapter_installation=ligation|hairpin / dumbbell;amplification=endpoint PCR;selection=restriction-site selection;identifiers=sample index|no UMI
yeast-telotag__10.1101+gr.275868.121	nanopore	index_introduction=ligation|pre-indexed adaptor;assay=telomere;adapter_installation=tailing + priming|ligation|full-length adaptor;selection=none
pacbio-telobait__10.1038+s41467-023-35823-7	pacbio	assay=telomere;fragmentation=restriction digest;selection=hybrid capture|affinity / antibody capture
telo-seq__10.1038+s41467-024-48917-7	nanopore	assay=telomere;adapter_installation=ligation|full-length adaptor;selection=restriction-site selection
digital-telomere-measurement__10.1038+s41467-024-49007-4	nanopore	index_introduction=ligation|pre-indexed adaptor;assay=telomere;adapter_installation=ligation|full-length adaptor;identifiers=UMI|sample index;selection=hybrid capture
telomere-profiling__10.1126+science.ado0431	nanopore	index_introduction=ligation|pre-indexed adaptor;assay=telomere;fragmentation=restriction digest;adapter_installation=ligation|full-length adaptor;selection=affinity / antibody capture|restriction-site selection
nebnext-ultra-ii-directional-rna	illumina_rna	index_architecture=TruSeq|UDI|dual index;starting_material=total RNA;adapter_installation=ligation|PCR-added;strand_handling=directional RNA|second-strand destruction;selection=poly(A) selection|rRNA depletion;conversion=dUTP strand marking;availability=commercial kit|proprietary sequences|schematic complete
nebnext-low-bias-small-rna	illumina_rna	index_introduction=ligation|PCR;index_architecture=TruSeq|UDI|dual index;starting_material=small RNA;fragmentation=no fragmentation;adapter_installation=ligation|PCR-added;selection=size selection;availability=commercial kit|proprietary sequences|inferred regions present
nebnext-enzymatic-methyl-seq-v2	methyl_dna	index_architecture=TruSeq|UDI|dual index;fragmentation=mechanical;conversion=enzymatic methyl conversion;availability=commercial kit|exact oligos public|schematic complete
nebnext-single-cell-low-input-rna	plate_scrna	index_architecture=TruSeq|UDI|dual index;partitioning=plate / well|single cell;fragmentation=enzymatic;adapter_installation=template switching|ligation|PCR-added;identifiers=sample index|no UMI;availability=commercial kit|proprietary sequences|schematic complete
nebnext-ultra-ii-fs-dna-pcr-free	illumina_dna	index_introduction=pre-indexed adaptor;index_architecture=TruSeq|UDI|dual index;fragmentation=enzymatic;adapter_installation=full-length adaptor;amplification=PCR-free;identifiers=UMI|sample index;availability=commercial kit|proprietary sequences|inferred regions present
rnascope__10.1016+j.jmoldx.2011.08.002	bdna_imaging	availability=published academic protocol|commercial kit|proprietary sequences|schematic complete
primeflow-rna-assay__10.1038+ncomms6641	bdna_flow	availability=published academic protocol|commercial kit|proprietary sequences|schematic complete
cut-tag__10.1038+s41467-019-09982-5	atac_plate	assay=chromatin protein mapping;partitioning=bulk;identifiers=sample index|no UMI;selection=affinity / antibody capture;availability=published academic protocol|exact oligos public|schematic complete
cut-run__10.7554+eLife.21856	illumina_dna	index_architecture=not reported;assay=chromatin protein mapping;starting_material=chromatin;fragmentation=RNase / MNase;selection=affinity / antibody capture;availability=published academic protocol|schematic complete|inferred regions present
10x-visium-spatial-gene-expression	droplet_scrna	index_architecture=TruSeq|inline barcode|single index;partitioning=spatial / in situ;starting_material=poly(A) RNA;fragmentation=enzymatic;adapter_installation=reverse transcription|ligation|PCR-added;identifiers=UMI|spatial barcode|sample index;read_structure=paired-end|index reads|barcode in Read 1;selection=spatial capture|poly(A) selection;availability=commercial kit|proprietary sequences|schematic complete
dbit-seq__10.1016+j.cell.2020.10.026	combi_scrna	index_introduction=reverse transcription|ligation|transposition|PCR|combinatorial indexing;index_architecture=Nextera|inline barcode|dual index;assay=RNA-seq|protein / feature detection|spatial / in situ|multiomic;partitioning=combinatorial indexing|spatial / in situ;starting_material=fixed cells / nuclei;fragmentation=Tn5 / tagmentation;adapter_installation=ligation|template switching|Tn5|PCR-added;identifiers=UMI|spatial barcode|sample index;read_structure=paired-end|index reads|inline barcode;selection=spatial capture|affinity / antibody capture;availability=published academic protocol|exact oligos public|schematic complete
duplex-sequencing__10.1073+pnas.1208715109	illumina_dna	index_architecture=custom Illumina|single index;strand_handling=duplex sequencing;identifiers=UMI|sample index;availability=published academic protocol|exact oligos public|schematic complete
single-stranded-ancient-dna__10.1038+nprot.2013.038	illumina_dna	index_introduction=ligation|PCR;index_architecture=custom Illumina|dual index;starting_material=damaged DNA;fragmentation=no fragmentation;adapter_installation=ligation|PCR-added;strand_handling=single-stranded library;read_structure=paired-end|index reads|custom sequencing primer;availability=published academic protocol|exact oligos public|schematic complete
oxford-nanopore-direct-rna-sequencing-rna004	nanopore	index_introduction=no index;index_architecture=no barcode;assay=RNA-seq;starting_material=native RNA;adapter_installation=ligation|full-length adaptor;topology=linear|RNA-DNA hybrid;strand_handling=directional RNA|native RNA sequencing;identifiers=no UMI;selection=poly(A) selection;availability=commercial kit|proprietary sequences|schematic complete
dnbseq-library-circularization	illumina_dna	index_introduction=ligation|PCR;index_architecture=DNBSEQ|dual index;platform=DNBSEQ;starting_material=adapter-ligated library;fragmentation=no fragmentation;adapter_installation=ligation|splint ligation|padlock / circularization;amplification=endpoint PCR|rolling-circle amplification;topology=circular|concatemer|DNA nanoball;strand_handling=single-stranded library;availability=commercial kit|proprietary sequences|schematic complete
atac-seq__10.1038+nmeth.2688	atac_plate	partitioning=bulk;availability=published academic protocol|exact oligos public|schematic complete
methylc-seq__10.1038+nprot.2014.114	methyl_dna	index_introduction=ligation;index_architecture=TruSeq|single index;fragmentation=mechanical;availability=published academic protocol|exact oligos public|schematic complete
pbat__10.1093+nar+gks454	methyl_dna	index_introduction=extension / fill-in|pre-indexed adaptor;index_architecture=custom Illumina|no barcode;fragmentation=no fragmentation;adapter_installation=tailing + priming;amplification=PCR-free;strand_handling=single-stranded library;identifiers=no UMI;read_structure=single-end;availability=published academic protocol|exact oligos public|schematic complete
hichip__10.1038+nmeth.3999	hic_bulk	index_introduction=transposition|PCR;index_architecture=Nextera|dual index;fragmentation=restriction digest|Tn5 / tagmentation;adapter_installation=ligation|Tn5|PCR-added;amplification=endpoint PCR;read_structure=paired-end|index reads;availability=published academic protocol|schematic complete|inferred regions present
dimelo-seq__10.1038+s41592-022-01475-6	nanopore	index_introduction=no index;index_architecture=no barcode;assay=chromatin protein mapping;starting_material=chromatin;fragmentation=no fragmentation;adapter_installation=ligation|full-length adaptor;identifiers=no UMI;selection=affinity / antibody capture;conversion=adenine methyltransferase;availability=published academic protocol|proprietary sequences|schematic complete
chip-seq__10.1038+nmeth.1068	illumina_dna	index_introduction=no index;index_architecture=no barcode;assay=chromatin protein mapping;starting_material=chromatin;identifiers=no UMI;read_structure=single-end;selection=affinity / antibody capture;availability=published academic protocol|discontinued / historical|exact oligos public|schematic complete
chipmentation__10.1038+nmeth.3542	illumina_dna	index_introduction=transposition|PCR;index_architecture=Nextera|dual index;assay=chromatin protein mapping;starting_material=chromatin;fragmentation=mechanical|Tn5 / tagmentation;adapter_installation=Tn5|PCR-added;selection=affinity / antibody capture;availability=published academic protocol|schematic complete
cutac__10.1186+s13059-020-02266-4	illumina_dna	index_introduction=transposition|PCR;index_architecture=Nextera|dual index;assay=ATAC / accessibility|chromatin protein mapping;starting_material=chromatin;fragmentation=Tn5 / tagmentation;adapter_installation=Tn5|PCR-added;selection=affinity / antibody capture;availability=published academic protocol|schematic complete
strand-seq__10.1038+nmeth.2206	illumina_dna	index_architecture=custom Illumina|single index;partitioning=single cell;starting_material=genomic DNA;fragmentation=enzymatic;strand_handling=single-stranded library|second-strand destruction;conversion=chemical conversion;availability=published academic protocol|discontinued / historical|exact oligos public|schematic complete
ribo-seq__10.1126+science.1168978	illumina_rna	index_introduction=ligation|PCR;index_architecture=custom Illumina|single index;assay=RNA-seq|translation profiling;starting_material=ribosome-protected RNA;fragmentation=RNase / MNase;adapter_installation=ligation|padlock / circularization|PCR-added;topology=linear|circular;strand_handling=directional RNA;identifiers=sample index|no UMI;read_structure=single-end|index reads;selection=ribosome-footprint selection|size selection;availability=published academic protocol|exact oligos public|schematic complete
pro-seq__10.1101+gr.150027.112	illumina_rna	index_introduction=ligation|PCR;index_architecture=custom Illumina|single index;assay=RNA-seq|nascent transcription;starting_material=nascent RNA;fragmentation=no fragmentation;adapter_installation=ligation|PCR-added;strand_handling=directional RNA;identifiers=sample index|no UMI;read_structure=single-end|index reads;selection=affinity / antibody capture;availability=published academic protocol|exact oligos public|schematic complete
eclip__10.1038+nmeth.3810	illumina_rna	index_introduction=ligation|PCR;index_architecture=custom Illumina|inline barcode|dual index;assay=RNA-seq|RNA-protein interaction;starting_material=total RNA;fragmentation=RNase / MNase;adapter_installation=ligation|PCR-added;strand_handling=directional RNA;identifiers=UMI|sample index;read_structure=paired-end|index reads|inline barcode;selection=affinity / antibody capture|size selection;availability=published academic protocol|exact oligos public|schematic complete
pacbio-isoseq-smrtbell-prep-kit-3-0	pacbio	index_introduction=PCR|pre-indexed adaptor;assay=RNA-seq;starting_material=poly(A) RNA;fragmentation=no fragmentation;adapter_installation=reverse transcription|template switching|hairpin / dumbbell;amplification=whole-transcriptome amplification|endpoint PCR;strand_handling=directional RNA;read_structure=long-read consensus;selection=poly(A) selection;availability=commercial kit|proprietary sequences|schematic complete
rampage__10.1101+gr.139618.112	illumina_rna	index_introduction=reverse transcription|PCR;index_architecture=custom Illumina|inline barcode;assay=RNA-seq|promoter / RNA 5-prime mapping;starting_material=total RNA;fragmentation=no fragmentation;adapter_installation=template switching|PCR-added;strand_handling=directional RNA;identifiers=sample index|no UMI;read_structure=paired-end|inline barcode|custom sequencing primer;selection=cap selection;availability=published academic protocol|exact oligos public|schematic complete
oxford-nanopore-cdna-pcr-sequencing-v14	nanopore	index_introduction=reverse transcription|PCR;index_architecture=no barcode;assay=RNA-seq;starting_material=poly(A) RNA;adapter_installation=reverse transcription|template switching|PCR-added|full-length adaptor;amplification=whole-transcriptome amplification|endpoint PCR;strand_handling=directional RNA;identifiers=UMI;selection=poly(A) selection;availability=commercial kit|proprietary sequences|schematic complete
oxford-nanopore-direct-cdna-sequencing	nanopore	index_introduction=no index;index_architecture=no barcode;assay=RNA-seq;starting_material=poly(A) RNA;adapter_installation=reverse transcription|template switching|ligation|full-length adaptor;amplification=PCR-free;strand_handling=directional RNA;identifiers=no UMI;selection=poly(A) selection;availability=commercial kit|discontinued / historical|proprietary sequences|schematic complete
shape-map__10.1038+nmeth.3029	illumina_rna	index_introduction=PCR;index_architecture=TruSeq|dual index;assay=RNA-seq|RNA structure;starting_material=total RNA;fragmentation=no fragmentation;adapter_installation=PCR-added;strand_handling=directional RNA;identifiers=sample index|no UMI;read_structure=paired-end|index reads;selection=none;conversion=chemical conversion;availability=published academic protocol|inferred regions present
10x-chromium-single-cell-multiome-atac-gene-expression	droplet_scrna	index_introduction=transposition|reverse transcription|extension / fill-in|PCR;index_architecture=Nextera|TruSeq|inline barcode|dual index;assay=RNA-seq|ATAC / accessibility|multiomic;partitioning=droplet|single nucleus;starting_material=poly(A) RNA|chromatin;fragmentation=Tn5 / tagmentation;adapter_installation=Tn5|reverse transcription|PCR-added;identifiers=UMI|cell barcode|sample index;read_structure=paired-end|index reads|barcode in Read 1;selection=poly(A) selection;availability=commercial kit|proprietary sequences|inferred regions present
10x-fixed-rna-profiling-flex	droplet_scrna	index_introduction=ligation|PCR;index_architecture=custom Illumina|inline barcode|dual index;assay=RNA-seq;partitioning=droplet|single cell|single nucleus;starting_material=fixed cells / nuclei;fragmentation=no fragmentation;adapter_installation=ligation|hybridization scaffold|PCR-added;amplification=endpoint PCR;strand_handling=RNA hybridization;identifiers=UMI|cell barcode|sample index;read_structure=paired-end|index reads|barcode in Read 1;selection=hybrid capture;availability=commercial kit|proprietary sequences|inferred regions present
slide-seqv2__10.1038+s41587-020-0739-1	droplet_scrna	index_introduction=reverse transcription|PCR;index_architecture=TruSeq|inline barcode|single index;assay=RNA-seq|spatial / in situ;platform=Illumina|in situ imaging;partitioning=spatial / in situ;starting_material=poly(A) RNA;fragmentation=Tn5 / tagmentation;adapter_installation=reverse transcription|template switching|Tn5|PCR-added;identifiers=UMI|spatial barcode|sample index;read_structure=paired-end|index reads|barcode in Read 1|microscopy;selection=spatial capture|poly(A) selection;availability=published academic protocol|exact oligos public|schematic complete
share-seq__10.1016+j.cell.2020.09.056	combi_scrna	index_introduction=reverse transcription|ligation|transposition|PCR|combinatorial indexing;index_architecture=Nextera|TruSeq|inline barcode|dual index;assay=RNA-seq|ATAC / accessibility|multiomic;partitioning=combinatorial indexing|single cell|single nucleus;starting_material=fixed cells / nuclei;fragmentation=Tn5 / tagmentation;adapter_installation=Tn5|reverse transcription|ligation|PCR-added;identifiers=UMI|cell barcode|sample index;read_structure=paired-end|index reads|inline barcode;selection=affinity / antibody capture;availability=published academic protocol|exact oligos public|schematic complete
cite-seq__10.1038+nmeth.4380	droplet_scrna	index_architecture=TruSeq|inline barcode|single index;assay=RNA-seq|protein / feature detection|multiomic;starting_material=poly(A) RNA;adapter_installation=reverse transcription|PCR-added;identifiers=UMI|cell barcode|sample index;read_structure=paired-end|index reads|barcode in Read 1;selection=poly(A) selection|affinity / antibody capture;availability=published academic protocol|exact oligos public|schematic complete
eccite-seq__10.1038+s41592-019-0392-0	droplet_scrna	index_architecture=TruSeq|inline barcode|single index;assay=RNA-seq|protein / feature detection|CRISPR screening|multiomic;starting_material=poly(A) RNA;adapter_installation=reverse transcription|template switching|PCR-added;identifiers=UMI|cell barcode|sample index|guide barcode;read_structure=paired-end|index reads|barcode in Read 1|custom sequencing primer;selection=poly(A) selection|affinity / antibody capture|guide-specific enrichment;availability=published academic protocol|exact oligos public|schematic complete
stereo-seq__10.1016+j.cell.2022.04.003	in_situ	index_introduction=reverse transcription|ligation|PCR;index_architecture=DNBSEQ|inline barcode|dual index;platform=DNBSEQ|in situ imaging;starting_material=poly(A) RNA;fragmentation=enzymatic;adapter_installation=reverse transcription|template switching|ligation|padlock / circularization;amplification=endpoint PCR|rolling-circle amplification;topology=linear|circular|concatemer|DNA nanoball;identifiers=UMI|spatial barcode|sample index;read_structure=paired-end|index reads|inline barcode|microscopy;selection=spatial capture|poly(A) selection;availability=published academic protocol|proprietary sequences|inferred regions present
sureselect-xt-hs2-dna	illumina_dna	index_introduction=ligation|PCR;index_architecture=TruSeq|UDI|dual index;assay=targeted DNA sequencing;starting_material=genomic DNA;fragmentation=mechanical|enzymatic;adapter_installation=ligation|PCR-added;identifiers=UMI|sample index;selection=hybrid capture;availability=commercial kit|proprietary sequences|inferred regions present
illumina-16s-metagenomic-sequencing	illumina_dna	index_introduction=PCR;index_architecture=Nextera|dual index;assay=amplicon profiling|metagenomics;starting_material=microbial community DNA;fragmentation=no fragmentation;adapter_installation=PCR-added;amplification=two-stage PCR;identifiers=sample index|no UMI;selection=none;availability=commercial kit|exact oligos public|schematic complete
earth-microbiome-project-its	illumina_dna	index_introduction=PCR;index_architecture=custom Illumina|inline barcode|single index;assay=amplicon profiling|metagenomics;starting_material=microbial community DNA;fragmentation=no fragmentation;adapter_installation=PCR-added;amplification=endpoint PCR;identifiers=sample index|no UMI;read_structure=paired-end|index reads|inline barcode|custom sequencing primer;selection=none;availability=published academic protocol|exact oligos public|schematic complete
illumina-dna-prep-shotgun-metagenomics	illumina_dna	index_introduction=transposition|PCR;index_architecture=Nextera|dual index;assay=DNA-seq / WGS|metagenomics;starting_material=microbial community DNA;fragmentation=Tn5 / tagmentation;adapter_installation=Tn5|PCR-added;amplification=endpoint PCR;identifiers=sample index|no UMI;selection=none;availability=commercial kit|proprietary sequences|schematic complete
smmip__10.1101+gr.147686.112	illumina_dna	index_introduction=extension / fill-in|ligation|PCR;index_architecture=custom Illumina|single index;assay=targeted DNA sequencing;starting_material=genomic DNA;fragmentation=no fragmentation;adapter_installation=padlock / circularization|PCR-added;amplification=endpoint PCR;topology=linear|circular;identifiers=UMI|sample index;read_structure=paired-end|index reads|inline barcode|custom sequencing primer;selection=circularization selection;availability=published academic protocol|exact oligos public|schematic complete
